Model,CV_R2_Mean,CV_R2_Std,Test_R2,Test_RMSE,Test_MAE
Random Forest (Tuned),0.9443431255533925,0.0,0.9500444679856487,0.22610379201584258,0.11754759757789159
