Model,CV_R2_Mean,CV_R2_Std,Test_R2,Test_RMSE,Test_MAE
Decision Tree (Tuned),0.9267997597043225,0.0,0.9331038514059009,0.26164751189725527,0.1394791368151151
