Model,CV_R2_Mean,CV_R2_Std,Test_R2,Test_RMSE,Test_MAE
Linear Regression,0.6790748850899665,0.01514800090894401,0.686802687079209,0.5661415967632957,0.44879959097782346
