Model,CV_R2_Mean,CV_R2_Std,Test_R2,Test_RMSE,Test_MAE
Ridge Regression (Tuned),0.6790759593166414,0.0,0.6868045170870372,0.5661399427818844,0.4488614068411689
