Model,CV_R2_Mean,CV_R2_Std,Test_R2,Test_RMSE,Test_MAE
SVR (Tuned),0.8569338847621094,0.0,0.8735444430733494,0.35973691925401463,0.24679210385139633
