Model,CV_R2_Mean,CV_R2_Std,Test_R2,Test_RMSE,Test_MAE
XGBoost (Tuned),0.9439062138733698,0.0,0.9484264787140031,0.22973620576947684,0.1185344034637126
